class,image,score
can,can/test/good/000_overexposed.png,-0.15501761515685586
can,can/test/good/000_regular.png,-0.14581322094776422
can,can/test/good/000_shift_1.png,-0.14638880328670348
can,can/test/good/000_shift_2.png,-0.14352278833193138
can,can/test/good/000_shift_3.png,-0.1511687061892841
can,can/test/good/000_underexposed.png,-0.13598634865788012
can,can/test/good/001_overexposed.png,-0.16065642842542396
can,can/test/good/001_regular.png,-0.15369690233348268
can,can/test/good/001_shift_1.png,-0.16332406734804297
can,can/test/good/001_shift_2.png,-0.1543728263946044
can,can/test/good/001_shift_3.png,-0.16671513119959183
can,can/test/good/001_underexposed.png,-0.14930188002048353
can,can/test/good/002_overexposed.png,-0.1729073068904475
can,can/test/good/002_regular.png,-0.1621634800221533
can,can/test/good/002_shift_1.png,-0.16374524229410056
can,can/test/good/002_shift_2.png,-0.162901666394557
can,can/test/good/002_shift_3.png,-0.16412870535677146
can,can/test/good/002_underexposed.png,-0.15866915748580268
can,can/test/good/003_overexposed.png,-0.1319239450878005
can,can/test/good/003_regular.png,-0.12806127710880513
can,can/test/good/003_shift_1.png,-0.1257398925609725
can,can/test/good/003_shift_2.png,-0.12642744043847337
can,can/test/good/003_shift_3.png,-0.12421621589691832
can,can/test/good/003_underexposed.png,-0.11885150684419903
can,can/test/good/004_overexposed.png,-0.16921087109147834
can,can/test/good/004_regular.png,-0.156255374038577
can,can/test/good/004_shift_1.png,-0.16081884696511028
can,can/test/good/004_shift_2.png,-0.1629426658565973
can,can/test/good/004_shift_3.png,-0.16442455627321798
can,can/test/good/004_underexposed.png,-0.15310463187314408
can,can/test/good/005_overexposed.png,-0.17177937509158445
can,can/test/good/005_regular.png,-0.16402007403239038
can,can/test/good/005_shift_1.png,-0.16286714305744118
can,can/test/good/005_shift_2.png,-0.16338347963712055
can,can/test/good/005_shift_3.png,-0.16279054466576412
can,can/test/good/005_underexposed.png,-0.1597600767874545
can,can/test/good/006_overexposed.png,-0.1382983611854646
can,can/test/good/006_regular.png,-0.13029065991522618
can,can/test/good/006_shift_1.png,-0.13558948392667367
can,can/test/good/006_shift_2.png,-0.14162546722319774
can,can/test/good/006_shift_3.png,-0.1354222309832622
can,can/test/good/006_underexposed.png,-0.14106695819080123
can,can/test/good/007_overexposed.png,-0.17603570279542421
can,can/test/good/007_regular.png,-0.17694160647379567
can,can/test/good/007_shift_1.png,-0.1641614963738935
can,can/test/good/007_shift_2.png,-0.17187134661186115
can,can/test/good/007_shift_3.png,-0.16760092273712335
can,can/test/good/007_underexposed.png,-0.1700461387376635
can,can/test/good/008_overexposed.png,-0.14640076877332323
can,can/test/good/008_regular.png,-0.1339047034556005
can,can/test/good/008_shift_1.png,-0.14851463510812704
can,can/test/good/008_shift_2.png,-0.1442030903343351
can,can/test/good/008_shift_3.png,-0.15237147646784546
can,can/test/good/008_underexposed.png,-0.1359665821735744
can,can/test/good/009_overexposed.png,-0.1411530612235382
can,can/test/good/009_regular.png,-0.13004178837863747
can,can/test/good/009_shift_1.png,-0.1332250592657098
can,can/test/good/009_shift_2.png,-0.13373566155045305
can,can/test/good/009_shift_3.png,-0.13601408214218189
can,can/test/good/009_underexposed.png,-0.12979832209210687
can,can/test/good/010_overexposed.png,-0.1605629210563867
can,can/test/good/010_regular.png,-0.14971231476494243
can,can/test/good/010_shift_1.png,-0.15915010231491558
can,can/test/good/010_shift_2.png,-0.14784339615323822
can,can/test/good/010_shift_3.png,-0.16077566777255095
can,can/test/good/010_underexposed.png,-0.148108339035935
can,can/test/good/011_overexposed.png,-0.14245612928221818
can,can/test/good/011_regular.png,-0.12956720113295253
can,can/test/good/011_shift_1.png,-0.13916435393961105
can,can/test/good/011_shift_2.png,-0.1425555960548941
can,can/test/good/011_shift_3.png,-0.1426746180441918
can,can/test/good/011_underexposed.png,-0.13559627890616793
can,can/test/bad/000_overexposed.png,-0.15427426157875718
can,can/test/bad/000_regular.png,-0.14877485147490474
can,can/test/bad/000_shift_1.png,-0.15144592193255374
can,can/test/bad/000_shift_2.png,-0.14604960062822678
can,can/test/bad/000_shift_3.png,-0.15309952087605636
can,can/test/bad/000_underexposed.png,-0.14342772285515018
can,can/test/bad/001_overexposed.png,-0.14929784726819623
can,can/test/bad/001_regular.png,-0.15269241023791988
can,can/test/bad/001_shift_1.png,-0.1528188427904899
can,can/test/bad/001_shift_2.png,-0.15556129491411072
can,can/test/bad/001_shift_3.png,-0.15400868518896524
can,can/test/bad/001_underexposed.png,-0.15078119627878853
can,can/test/bad/002_overexposed.png,-0.14568220846041505
can,can/test/bad/002_regular.png,-0.13705388693637668
can,can/test/bad/002_shift_1.png,-0.14734767913179495
can,can/test/bad/002_shift_2.png,-0.14186517623602957
can,can/test/bad/002_shift_3.png,-0.15331003775700677
can,can/test/bad/002_underexposed.png,-0.13645102671273499
can,can/test/bad/003_overexposed.png,-0.1640271836511039
can,can/test/bad/003_regular.png,-0.15906067324798862
can,can/test/bad/003_shift_1.png,-0.1601046060030608
can,can/test/bad/003_shift_2.png,-0.15827374582746936
can,can/test/bad/003_shift_3.png,-0.16063589376650664
can,can/test/bad/003_underexposed.png,-0.15858055260718779
can,can/test/bad/004_overexposed.png,-0.11969507772810821
can,can/test/bad/004_regular.png,-0.1131115994972302
can,can/test/bad/004_shift_1.png,-0.1369086474724409
can,can/test/bad/004_shift_2.png,-0.11342904643919928
can,can/test/bad/004_shift_3.png,-0.1345865643712977
can,can/test/bad/004_underexposed.png,-0.109918064113186
can,can/test/bad/005_overexposed.png,-0.12560295802681115
can,can/test/bad/005_regular.png,-0.11834688483754563
can,can/test/bad/005_shift_1.png,-0.13788516968252362
can,can/test/bad/005_shift_2.png,-0.1178899660317993
can,can/test/bad/005_shift_3.png,-0.14002681828686472
can,can/test/bad/005_underexposed.png,-0.11663422758073985
can,can/test/bad/006_overexposed.png,-0.16118870030184554
can,can/test/bad/006_regular.png,-0.15112167915616928
can,can/test/bad/006_shift_1.png,-0.1584936279163132
can,can/test/bad/006_shift_2.png,-0.14894997780969688
can,can/test/bad/006_shift_3.png,-0.16237989943554734
can,can/test/bad/006_underexposed.png,-0.14692253675015146
can,can/test/bad/007_overexposed.png,-0.13899299579518778
can,can/test/bad/007_regular.png,-0.13453089280160324
can,can/test/bad/007_shift_1.png,-0.14428541568954936
can,can/test/bad/007_shift_2.png,-0.1386628040312499
can,can/test/bad/007_shift_3.png,-0.15257246234981447
can,can/test/bad/007_underexposed.png,-0.13060064536414165
can,can/test/bad/008_overexposed.png,-0.1425132937264909
can,can/test/bad/008_regular.png,-0.1408763764047016
can,can/test/bad/008_shift_1.png,-0.13923865393023058
can,can/test/bad/008_shift_2.png,-0.14077943607545332
can,can/test/bad/008_shift_3.png,-0.1417882199252986
can,can/test/bad/008_underexposed.png,-0.13780759420508917
can,can/test/bad/009_overexposed.png,-0.1685355752921168
can,can/test/bad/009_regular.png,-0.15789894269487492
can,can/test/bad/009_shift_1.png,-0.16913735531403504
can,can/test/bad/009_shift_2.png,-0.16078694317854336
can,can/test/bad/009_shift_3.png,-0.16825455346080828
can,can/test/bad/009_underexposed.png,-0.15903484850593694
can,can/test/bad/010_overexposed.png,-0.1672102648157158
can,can/test/bad/010_regular.png,-0.15654629428219285
can,can/test/bad/010_shift_1.png,-0.15569949179144651
can,can/test/bad/010_shift_2.png,-0.16162576880005888
can,can/test/bad/010_shift_3.png,-0.1631310551653765
can,can/test/bad/010_underexposed.png,-0.15775148370023617
can,can/test/bad/011_overexposed.png,-0.13955564727799974
can,can/test/bad/011_regular.png,-0.13102712712831716
can,can/test/bad/011_shift_1.png,-0.14210995245399438
can,can/test/bad/011_shift_2.png,-0.12960629706504723
can,can/test/bad/011_shift_3.png,-0.1407528823417586
can,can/test/bad/011_underexposed.png,-0.12472584266639898
can,can/test/bad/012_overexposed.png,-0.13310806925393195
can,can/test/bad/012_regular.png,-0.12788836250741423
can,can/test/bad/012_shift_1.png,-0.14301823216394915
can,can/test/bad/012_shift_2.png,-0.12696580149813652
can,can/test/bad/012_shift_3.png,-0.14446427064119743
can,can/test/bad/012_underexposed.png,-0.13130498922270445
can,can/test/bad/013_overexposed.png,-0.14837038973802533
can,can/test/bad/013_regular.png,-0.1418482434068596
can,can/test/bad/013_shift_1.png,-0.1304668602987949
can,can/test/bad/013_shift_2.png,-0.13731935202524256
can,can/test/bad/013_shift_3.png,-0.13012352301504174
can,can/test/bad/013_underexposed.png,-0.12976836052997012
can,can/test/bad/014_overexposed.png,-0.16224604243418628
can,can/test/bad/014_regular.png,-0.14925664514734208
can,can/test/bad/014_shift_1.png,-0.16144850931854887
can,can/test/bad/014_shift_2.png,-0.15338145996777625
can,can/test/bad/014_shift_3.png,-0.15938343511742148
can,can/test/bad/014_underexposed.png,-0.15071682231497974
fabric,fabric/test/good/000_overexposed.png,-0.4688799141193338
fabric,fabric/test/good/000_regular.png,-0.46762455654474777
fabric,fabric/test/good/000_shift_1.png,-0.47498864566808424
fabric,fabric/test/good/000_shift_2.png,-0.46511369163873695
fabric,fabric/test/good/000_shift_3.png,-0.47095037067652545
fabric,fabric/test/good/000_underexposed.png,-0.46711191306009703
fabric,fabric/test/good/001_overexposed.png,-0.4715517788033894
fabric,fabric/test/good/001_regular.png,-0.4741209886031249
fabric,fabric/test/good/001_shift_1.png,-0.4735310989081451
fabric,fabric/test/good/001_shift_2.png,-0.47379137472959054
fabric,fabric/test/good/001_shift_3.png,-0.47464991924341193
fabric,fabric/test/good/001_underexposed.png,-0.4804160907400396
fabric,fabric/test/good/002_overexposed.png,-0.46342548709685855
fabric,fabric/test/good/002_regular.png,-0.46474808432985704
fabric,fabric/test/good/002_shift_1.png,-0.4720984500005368
fabric,fabric/test/good/002_shift_2.png,-0.4643435458540064
fabric,fabric/test/good/002_shift_3.png,-0.4683742769290977
fabric,fabric/test/good/002_underexposed.png,-0.4628729283451479
fabric,fabric/test/good/003_overexposed.png,-0.47492384608950816
fabric,fabric/test/good/003_regular.png,-0.473382319019031
fabric,fabric/test/good/003_shift_1.png,-0.4793779700136342
fabric,fabric/test/good/003_shift_2.png,-0.47293529933020895
fabric,fabric/test/good/003_shift_3.png,-0.4769272518202556
fabric,fabric/test/good/003_underexposed.png,-0.4733555122959103
fabric,fabric/test/good/004_overexposed.png,-0.45474414477788344
fabric,fabric/test/good/004_regular.png,-0.4531913413384204
fabric,fabric/test/good/004_shift_1.png,-0.4591365258306155
fabric,fabric/test/good/004_shift_2.png,-0.4376575571653794
fabric,fabric/test/good/004_shift_3.png,-0.4456324227190897
fabric,fabric/test/good/004_underexposed.png,-0.4529109913385059
fabric,fabric/test/good/005_overexposed.png,-0.4637231601208593
fabric,fabric/test/good/005_regular.png,-0.46785274845710073
fabric,fabric/test/good/005_shift_1.png,-0.4682680265422252
fabric,fabric/test/good/005_shift_2.png,-0.45699098690170853
fabric,fabric/test/good/005_shift_3.png,-0.45804656821477446
fabric,fabric/test/good/005_underexposed.png,-0.4694307976063583
fabric,fabric/test/good/006_overexposed.png,-0.4678813467595232
fabric,fabric/test/good/006_regular.png,-0.4659904181861012
fabric,fabric/test/good/006_shift_1.png,-0.46893242942963254
fabric,fabric/test/good/006_shift_2.png,-0.4546559602076581
fabric,fabric/test/good/006_shift_3.png,-0.4576339469610377
fabric,fabric/test/good/006_underexposed.png,-0.46663015768979443
fabric,fabric/test/good/007_overexposed.png,-0.45757243923278706
fabric,fabric/test/good/007_regular.png,-0.4573361876156779
fabric,fabric/test/good/007_shift_1.png,-0.46143140479325256
fabric,fabric/test/good/007_shift_2.png,-0.4457139709080986
fabric,fabric/test/good/007_shift_3.png,-0.44907701016538526
fabric,fabric/test/good/007_underexposed.png,-0.4555306374604648
fabric,fabric/test/good/008_overexposed.png,-0.4851126406327048
fabric,fabric/test/good/008_regular.png,-0.48592422470024765
fabric,fabric/test/good/008_shift_1.png,-0.4916625862619766
fabric,fabric/test/good/008_shift_2.png,-0.476709532022257
fabric,fabric/test/good/008_shift_3.png,-0.4802365242785113
fabric,fabric/test/good/008_underexposed.png,-0.4863378968734512
fabric,fabric/test/good/009_overexposed.png,-0.5164328187277516
fabric,fabric/test/good/009_regular.png,-0.5234836203431111
fabric,fabric/test/good/009_shift_1.png,-0.521154692998605
fabric,fabric/test/good/009_shift_2.png,-0.5180565383204423
fabric,fabric/test/good/009_shift_3.png,-0.5203828012421925
fabric,fabric/test/good/009_underexposed.png,-0.5282320316083461
fabric,fabric/test/good/010_overexposed.png,-0.5124546669117435
fabric,fabric/test/good/010_regular.png,-0.5152196652804941
fabric,fabric/test/good/010_shift_1.png,-0.520655145802541
fabric,fabric/test/good/010_shift_2.png,-0.5156666121979119
fabric,fabric/test/good/010_shift_3.png,-0.5195883639261891
fabric,fabric/test/good/010_underexposed.png,-0.5206574741718643
fabric,fabric/test/bad/000_overexposed.png,-0.4585886703494217
fabric,fabric/test/bad/000_regular.png,-0.45766858587657805
fabric,fabric/test/bad/000_shift_1.png,-0.46395213728569556
fabric,fabric/test/bad/000_shift_2.png,-0.4640019774736875
fabric,fabric/test/bad/000_shift_3.png,-0.46796625014521603
fabric,fabric/test/bad/000_underexposed.png,-0.45772391324007144
fabric,fabric/test/bad/001_overexposed.png,-0.4991592782355715
fabric,fabric/test/bad/001_regular.png,-0.49896849656942843
fabric,fabric/test/bad/001_shift_1.png,-0.5033496752826834
fabric,fabric/test/bad/001_shift_2.png,-0.4882452913428605
fabric,fabric/test/bad/001_shift_3.png,-0.493514817079046
fabric,fabric/test/bad/001_underexposed.png,-0.5026905499525396
fabric,fabric/test/bad/002_overexposed.png,-0.4980566540974198
fabric,fabric/test/bad/002_regular.png,-0.49995198798895824
fabric,fabric/test/bad/002_shift_1.png,-0.5011592863227688
fabric,fabric/test/bad/002_shift_2.png,-0.5039328665457874
fabric,fabric/test/bad/002_shift_3.png,-0.5041108908514532
fabric,fabric/test/bad/002_underexposed.png,-0.50113021321687
fabric,fabric/test/bad/003_overexposed.png,-0.47591924941973246
fabric,fabric/test/bad/003_regular.png,-0.4745614564956572
fabric,fabric/test/bad/003_shift_1.png,-0.4760480769862043
fabric,fabric/test/bad/003_shift_2.png,-0.474287613509146
fabric,fabric/test/bad/003_shift_3.png,-0.4768153793550765
fabric,fabric/test/bad/003_underexposed.png,-0.477561715920915
fabric,fabric/test/bad/004_overexposed.png,-0.4523449335783877
fabric,fabric/test/bad/004_regular.png,-0.4521741235776932
fabric,fabric/test/bad/004_shift_1.png,-0.4589402080243706
fabric,fabric/test/bad/004_shift_2.png,-0.4484568620761487
fabric,fabric/test/bad/004_shift_3.png,-0.45448378954863244
fabric,fabric/test/bad/004_underexposed.png,-0.45013187935971044
fabric,fabric/test/bad/005_overexposed.png,-0.5029221935804464
fabric,fabric/test/bad/005_regular.png,-0.5047398547362026
fabric,fabric/test/bad/005_shift_1.png,-0.5055315803957339
fabric,fabric/test/bad/005_shift_2.png,-0.5059394134242161
fabric,fabric/test/bad/005_shift_3.png,-0.5097196819758636
fabric,fabric/test/bad/005_underexposed.png,-0.5093404672586651
fabric,fabric/test/bad/006_overexposed.png,-0.48063537843004195
fabric,fabric/test/bad/006_regular.png,-0.4794694048427492
fabric,fabric/test/bad/006_shift_1.png,-0.48243040130881787
fabric,fabric/test/bad/006_shift_2.png,-0.48551994883554656
fabric,fabric/test/bad/006_shift_3.png,-0.48860578475871946
fabric,fabric/test/bad/006_underexposed.png,-0.4807992976029369
fabric,fabric/test/bad/007_overexposed.png,-0.48694014836702976
fabric,fabric/test/bad/007_regular.png,-0.487107125413942
fabric,fabric/test/bad/007_shift_1.png,-0.4901213441896588
fabric,fabric/test/bad/007_shift_2.png,-0.48436166805817116
fabric,fabric/test/bad/007_shift_3.png,-0.4910236083611122
fabric,fabric/test/bad/007_underexposed.png,-0.487404925628569
fabric,fabric/test/bad/008_overexposed.png,-0.5116647343184224
fabric,fabric/test/bad/008_regular.png,-0.5157544956685718
fabric,fabric/test/bad/008_shift_1.png,-0.516365927786913
fabric,fabric/test/bad/008_shift_2.png,-0.5223712084314067
fabric,fabric/test/bad/008_shift_3.png,-0.5264777892161582
fabric,fabric/test/bad/008_underexposed.png,-0.5208805304908924
fabric,fabric/test/bad/009_overexposed.png,-0.49179765844084017
fabric,fabric/test/bad/009_regular.png,-0.4922184429867925
fabric,fabric/test/bad/009_shift_1.png,-0.49721008286376167
fabric,fabric/test/bad/009_shift_2.png,-0.5125682611916332
fabric,fabric/test/bad/009_shift_3.png,-0.5165996243197413
fabric,fabric/test/bad/009_underexposed.png,-0.49929642010856995
fabric,fabric/test/bad/010_overexposed.png,-0.4570278272948095
fabric,fabric/test/bad/010_regular.png,-0.4556577354554296
fabric,fabric/test/bad/010_shift_1.png,-0.4554890107164553
fabric,fabric/test/bad/010_shift_2.png,-0.44801488036187725
fabric,fabric/test/bad/010_shift_3.png,-0.45022177406465735
fabric,fabric/test/bad/010_underexposed.png,-0.45221935456995765
fabric,fabric/test/bad/011_overexposed.png,-0.47624190151242435
fabric,fabric/test/bad/011_regular.png,-0.4757764671720715
fabric,fabric/test/bad/011_shift_1.png,-0.4814177044655921
fabric,fabric/test/bad/011_shift_2.png,-0.48165488482437313
fabric,fabric/test/bad/011_shift_3.png,-0.4840877251653762
fabric,fabric/test/bad/011_underexposed.png,-0.47541251338148377
fabric,fabric/test/bad/012_overexposed.png,-0.5060630050539517
fabric,fabric/test/bad/012_regular.png,-0.5080199012628636
fabric,fabric/test/bad/012_shift_1.png,-0.5111032407237937
fabric,fabric/test/bad/012_shift_2.png,-0.5121733251542885
fabric,fabric/test/bad/012_shift_3.png,-0.5147745461020871
fabric,fabric/test/bad/012_underexposed.png,-0.5097499169492966
fabric,fabric/test/bad/013_overexposed.png,-0.4702549445274
fabric,fabric/test/bad/013_regular.png,-0.4741375696757071
fabric,fabric/test/bad/013_shift_1.png,-0.4752936383880428
fabric,fabric/test/bad/013_shift_2.png,-0.4816864616432022
fabric,fabric/test/bad/013_shift_3.png,-0.485515319206323
fabric,fabric/test/bad/013_underexposed.png,-0.4757658664685811
fabric,fabric/test/bad/014_overexposed.png,-0.49867422749662405
fabric,fabric/test/bad/014_regular.png,-0.5010304216003864
fabric,fabric/test/bad/014_shift_1.png,-0.5034478131384634
fabric,fabric/test/bad/014_shift_2.png,-0.5026329718695163
fabric,fabric/test/bad/014_shift_3.png,-0.5068637575356421
fabric,fabric/test/bad/014_underexposed.png,-0.5036230246695146
fruit_jelly,fruit_jelly/test/good/000_overexposed.png,-0.1622132247846474
fruit_jelly,fruit_jelly/test/good/000_regular.png,-0.16827770924139204
fruit_jelly,fruit_jelly/test/good/000_shift_1.png,-0.1812764386946489
fruit_jelly,fruit_jelly/test/good/000_underexposed.png,-0.18143289770618623
fruit_jelly,fruit_jelly/test/good/001_overexposed.png,-0.1398649531030703
fruit_jelly,fruit_jelly/test/good/001_regular.png,-0.1490992928691822
fruit_jelly,fruit_jelly/test/good/001_shift_1.png,-0.16789486976936968
fruit_jelly,fruit_jelly/test/good/001_underexposed.png,-0.16276224689621813
fruit_jelly,fruit_jelly/test/good/002_overexposed.png,-0.16477306041103457
fruit_jelly,fruit_jelly/test/good/002_regular.png,-0.16458043557705507
fruit_jelly,fruit_jelly/test/good/002_shift_1.png,-0.17053539144228907
fruit_jelly,fruit_jelly/test/good/002_underexposed.png,-0.16641093757961886
fruit_jelly,fruit_jelly/test/good/003_overexposed.png,-0.16705253874989842
fruit_jelly,fruit_jelly/test/good/003_regular.png,-0.16658807670132567
fruit_jelly,fruit_jelly/test/good/003_shift_1.png,-0.1847993638054181
fruit_jelly,fruit_jelly/test/good/003_underexposed.png,-0.18186222147611955
fruit_jelly,fruit_jelly/test/good/004_overexposed.png,-0.17355261233322936
fruit_jelly,fruit_jelly/test/good/004_regular.png,-0.16123850716921795
fruit_jelly,fruit_jelly/test/good/004_shift_1.png,-0.18065022644380835
fruit_jelly,fruit_jelly/test/good/004_underexposed.png,-0.17575261708056603
fruit_jelly,fruit_jelly/test/bad/000_overexposed.png,-0.15267556550188688
fruit_jelly,fruit_jelly/test/bad/000_regular.png,-0.15395804595872417
fruit_jelly,fruit_jelly/test/bad/000_shift_1.png,-0.16994333033778905
fruit_jelly,fruit_jelly/test/bad/000_underexposed.png,-0.1697576134907705
fruit_jelly,fruit_jelly/test/bad/001_overexposed.png,-0.1566879379688902
fruit_jelly,fruit_jelly/test/bad/001_regular.png,-0.16613245503336263
fruit_jelly,fruit_jelly/test/bad/001_shift_1.png,-0.17357668959299266
fruit_jelly,fruit_jelly/test/bad/001_underexposed.png,-0.1637841055404023
fruit_jelly,fruit_jelly/test/bad/002_overexposed.png,-0.1484353890092944
fruit_jelly,fruit_jelly/test/bad/002_regular.png,-0.16732527896361815
fruit_jelly,fruit_jelly/test/bad/002_shift_1.png,-0.1694308169654167
fruit_jelly,fruit_jelly/test/bad/002_underexposed.png,-0.1685570336515766
fruit_jelly,fruit_jelly/test/bad/003_overexposed.png,-0.16683471647424922
fruit_jelly,fruit_jelly/test/bad/003_regular.png,-0.16701567126976624
fruit_jelly,fruit_jelly/test/bad/003_shift_1.png,-0.18357040917984183
fruit_jelly,fruit_jelly/test/bad/003_underexposed.png,-0.1793157458247907
fruit_jelly,fruit_jelly/test/bad/004_overexposed.png,-0.16827669690006883
fruit_jelly,fruit_jelly/test/bad/004_regular.png,-0.16405327236616196
fruit_jelly,fruit_jelly/test/bad/004_shift_1.png,-0.17023825299786652
fruit_jelly,fruit_jelly/test/bad/004_underexposed.png,-0.17483771255285468
fruit_jelly,fruit_jelly/test/bad/005_overexposed.png,-0.1477863444167616
fruit_jelly,fruit_jelly/test/bad/005_regular.png,-0.1386487061599305
fruit_jelly,fruit_jelly/test/bad/005_shift_1.png,-0.15673858664617554
fruit_jelly,fruit_jelly/test/bad/005_underexposed.png,-0.15538880766714877
fruit_jelly,fruit_jelly/test/bad/006_overexposed.png,-0.1639700658121183
fruit_jelly,fruit_jelly/test/bad/006_regular.png,-0.15175621627643723
fruit_jelly,fruit_jelly/test/bad/006_shift_1.png,-0.161376893009409
fruit_jelly,fruit_jelly/test/bad/006_underexposed.png,-0.15786371681844094
fruit_jelly,fruit_jelly/test/bad/007_overexposed.png,-0.16161612900507633
fruit_jelly,fruit_jelly/test/bad/007_regular.png,-0.17335559626706348
fruit_jelly,fruit_jelly/test/bad/007_shift_1.png,-0.17333555571930265
fruit_jelly,fruit_jelly/test/bad/007_underexposed.png,-0.16752533395210079
fruit_jelly,fruit_jelly/test/bad/008_overexposed.png,-0.16248459774171428
fruit_jelly,fruit_jelly/test/bad/008_regular.png,-0.16294762520493206
fruit_jelly,fruit_jelly/test/bad/008_shift_1.png,-0.1656226239392177
fruit_jelly,fruit_jelly/test/bad/008_underexposed.png,-0.16086752714348462
fruit_jelly,fruit_jelly/test/bad/009_overexposed.png,-0.16339153654095032
fruit_jelly,fruit_jelly/test/bad/009_regular.png,-0.156208101086937
fruit_jelly,fruit_jelly/test/bad/009_shift_1.png,-0.1797955033160883
fruit_jelly,fruit_jelly/test/bad/009_underexposed.png,-0.17874044512089013
fruit_jelly,fruit_jelly/test/bad/010_overexposed.png,-0.1602732710570835
fruit_jelly,fruit_jelly/test/bad/010_regular.png,-0.15886969747794083
fruit_jelly,fruit_jelly/test/bad/010_shift_1.png,-0.1685580526880833
fruit_jelly,fruit_jelly/test/bad/010_underexposed.png,-0.16666195646189197
fruit_jelly,fruit_jelly/test/bad/011_overexposed.png,-0.1738817263312925
fruit_jelly,fruit_jelly/test/bad/011_regular.png,-0.15270889498851942
fruit_jelly,fruit_jelly/test/bad/011_shift_1.png,-0.16424676336235364
fruit_jelly,fruit_jelly/test/bad/011_underexposed.png,-0.16857955914062248
fruit_jelly,fruit_jelly/test/bad/012_overexposed.png,-0.16309678102650338
fruit_jelly,fruit_jelly/test/bad/012_regular.png,-0.1766202652900633
fruit_jelly,fruit_jelly/test/bad/012_shift_1.png,-0.1804232750652668
fruit_jelly,fruit_jelly/test/bad/012_underexposed.png,-0.18159835900574214
fruit_jelly,fruit_jelly/test/bad/013_overexposed.png,-0.1727445397285459
fruit_jelly,fruit_jelly/test/bad/013_regular.png,-0.15112027830911098
fruit_jelly,fruit_jelly/test/bad/013_shift_1.png,-0.1618421701273666
fruit_jelly,fruit_jelly/test/bad/013_underexposed.png,-0.15829178826774432
fruit_jelly,fruit_jelly/test/bad/014_overexposed.png,-0.15759080763121763
fruit_jelly,fruit_jelly/test/bad/014_regular.png,-0.15667784681887018
fruit_jelly,fruit_jelly/test/bad/014_shift_1.png,-0.17168853603482795
fruit_jelly,fruit_jelly/test/bad/014_underexposed.png,-0.16996898559653964
rice,rice/test/good/000_overexposed.png,-0.4889790423659201
rice,rice/test/good/000_regular.png,-0.4891786329188111
rice,rice/test/good/000_shift_1.png,-0.4888353488526355
rice,rice/test/good/000_shift_2.png,-0.4858270948074861
rice,rice/test/good/000_shift_3.png,-0.48718042850316634
rice,rice/test/good/000_underexposed.png,-0.4904583400918307
rice,rice/test/good/001_overexposed.png,-0.4994801065121944
rice,rice/test/good/001_regular.png,-0.5029647683847667
rice,rice/test/good/001_shift_1.png,-0.4969476391431646
rice,rice/test/good/001_shift_2.png,-0.49641488509866555
rice,rice/test/good/001_shift_3.png,-0.49290695190697265
rice,rice/test/good/001_underexposed.png,-0.5017544299980343
rice,rice/test/good/002_overexposed.png,-0.4950070235850215
rice,rice/test/good/002_regular.png,-0.49764572305060284
rice,rice/test/good/002_shift_1.png,-0.49587165793953575
rice,rice/test/good/002_shift_2.png,-0.49459381739054853
rice,rice/test/good/002_shift_3.png,-0.4937391266350566
rice,rice/test/good/002_underexposed.png,-0.49593398739541383
rice,rice/test/good/003_overexposed.png,-0.4967794605873379
rice,rice/test/good/003_regular.png,-0.4961210006246444
rice,rice/test/good/003_shift_1.png,-0.4923204780784605
rice,rice/test/good/003_shift_2.png,-0.4998455823552388
rice,rice/test/good/003_shift_3.png,-0.4958361107637407
rice,rice/test/good/003_underexposed.png,-0.49483308514283014
rice,rice/test/good/004_overexposed.png,-0.4961099553424225
rice,rice/test/good/004_regular.png,-0.4980346533343046
rice,rice/test/good/004_shift_1.png,-0.4986342209097162
rice,rice/test/good/004_shift_2.png,-0.49473346041867955
rice,rice/test/good/004_shift_3.png,-0.4946177312327988
rice,rice/test/good/004_underexposed.png,-0.4973822077341357
rice,rice/test/good/005_overexposed.png,-0.49545113853966366
rice,rice/test/good/005_regular.png,-0.49879621261895773
rice,rice/test/good/005_shift_1.png,-0.49778149252523124
rice,rice/test/good/005_shift_2.png,-0.4985616317909345
rice,rice/test/good/005_shift_3.png,-0.495554377532739
rice,rice/test/good/005_underexposed.png,-0.5006615661859569
rice,rice/test/good/006_overexposed.png,-0.4941883865010403
rice,rice/test/good/006_regular.png,-0.4984854749858354
rice,rice/test/good/006_shift_1.png,-0.4897700978035668
rice,rice/test/good/006_shift_2.png,-0.49415359083795596
rice,rice/test/good/006_shift_3.png,-0.4918064824142021
rice,rice/test/good/006_underexposed.png,-0.49432700427478676
rice,rice/test/bad/000_overexposed.png,-0.5036162596123316
rice,rice/test/bad/000_regular.png,-0.5037877955243335
rice,rice/test/bad/000_shift_1.png,-0.5009022037961945
rice,rice/test/bad/000_shift_2.png,-0.4970678943206883
rice,rice/test/bad/000_shift_3.png,-0.49718461152869464
rice,rice/test/bad/000_underexposed.png,-0.49890995019629353
rice,rice/test/bad/001_overexposed.png,-0.4955479939042212
rice,rice/test/bad/001_regular.png,-0.49390520640111935
rice,rice/test/bad/001_shift_1.png,-0.4928887587619026
rice,rice/test/bad/001_shift_2.png,-0.49106919068680355
rice,rice/test/bad/001_shift_3.png,-0.4897333711913635
rice,rice/test/bad/001_underexposed.png,-0.49115805085033404
rice,rice/test/bad/002_overexposed.png,-0.4945887301982013
rice,rice/test/bad/002_regular.png,-0.494240535026415
rice,rice/test/bad/002_shift_1.png,-0.4904338211231408
rice,rice/test/bad/002_shift_2.png,-0.4880383869419793
rice,rice/test/bad/002_shift_3.png,-0.4855261381066951
rice,rice/test/bad/002_underexposed.png,-0.4902337971346123
rice,rice/test/bad/003_overexposed.png,-0.48939413354572264
rice,rice/test/bad/003_regular.png,-0.49068596466817616
rice,rice/test/bad/003_shift_1.png,-0.4897490903793437
rice,rice/test/bad/003_shift_2.png,-0.48863681164990325
rice,rice/test/bad/003_shift_3.png,-0.4887409515022987
rice,rice/test/bad/003_underexposed.png,-0.4895560447991681
rice,rice/test/bad/004_overexposed.png,-0.4865060661509611
rice,rice/test/bad/004_regular.png,-0.4904665513320718
rice,rice/test/bad/004_shift_1.png,-0.4929130734684027
rice,rice/test/bad/004_shift_2.png,-0.48932259930389094
rice,rice/test/bad/004_shift_3.png,-0.48938612928224445
rice,rice/test/bad/004_underexposed.png,-0.4910628673213502
rice,rice/test/bad/005_overexposed.png,-0.4957744828791497
rice,rice/test/bad/005_regular.png,-0.4985749296957904
rice,rice/test/bad/005_shift_1.png,-0.49621695980120434
rice,rice/test/bad/005_shift_2.png,-0.4913302427935042
rice,rice/test/bad/005_shift_3.png,-0.4904283891301667
rice,rice/test/bad/005_underexposed.png,-0.49526425527278956
rice,rice/test/bad/006_overexposed.png,-0.4909089497287824
rice,rice/test/bad/006_regular.png,-0.49262293039011046
rice,rice/test/bad/006_shift_1.png,-0.49669141145559026
rice,rice/test/bad/006_shift_2.png,-0.48745956307199484
rice,rice/test/bad/006_shift_3.png,-0.48955818982872107
rice,rice/test/bad/006_underexposed.png,-0.49310261334547345
rice,rice/test/bad/007_overexposed.png,-0.49738683523014454
rice,rice/test/bad/007_regular.png,-0.4991509251420506
rice,rice/test/bad/007_shift_1.png,-0.49615624834735134
rice,rice/test/bad/007_shift_2.png,-0.4979661485317166
rice,rice/test/bad/007_shift_3.png,-0.4964347375882389
rice,rice/test/bad/007_underexposed.png,-0.4974962066406372
rice,rice/test/bad/008_overexposed.png,-0.49552779674579295
rice,rice/test/bad/008_regular.png,-0.496675019338541
rice,rice/test/bad/008_shift_1.png,-0.4980282858155175
rice,rice/test/bad/008_shift_2.png,-0.49338084335201143
rice,rice/test/bad/008_shift_3.png,-0.49204813260927566
rice,rice/test/bad/008_underexposed.png,-0.4971496291473285
rice,rice/test/bad/009_overexposed.png,-0.49253191582135963
rice,rice/test/bad/009_regular.png,-0.4952438600686416
rice,rice/test/bad/009_shift_1.png,-0.4927842755837449
rice,rice/test/bad/009_shift_2.png,-0.4920364860154852
rice,rice/test/bad/009_shift_3.png,-0.48790305893159247
rice,rice/test/bad/009_underexposed.png,-0.49116128556751265
rice,rice/test/bad/010_overexposed.png,-0.48781285032481786
rice,rice/test/bad/010_regular.png,-0.4871084907383068
rice,rice/test/bad/010_shift_1.png,-0.48328308598704645
rice,rice/test/bad/010_shift_2.png,-0.48284845387260433
rice,rice/test/bad/010_shift_3.png,-0.4841916864680728
rice,rice/test/bad/010_underexposed.png,-0.48289916987054227
rice,rice/test/bad/011_overexposed.png,-0.4914248487459163
rice,rice/test/bad/011_regular.png,-0.49491772421519303
rice,rice/test/bad/011_shift_1.png,-0.49030071768719735
rice,rice/test/bad/011_shift_2.png,-0.49042248672899796
rice,rice/test/bad/011_shift_3.png,-0.485298684928614
rice,rice/test/bad/011_underexposed.png,-0.4923416039279389
rice,rice/test/bad/012_overexposed.png,-0.4895784597927637
rice,rice/test/bad/012_regular.png,-0.4881322326502184
rice,rice/test/bad/012_shift_1.png,-0.485203428801946
rice,rice/test/bad/012_shift_2.png,-0.48594637818335323
rice,rice/test/bad/012_shift_3.png,-0.4798169741752642
rice,rice/test/bad/012_underexposed.png,-0.4866588313426039
rice,rice/test/bad/013_overexposed.png,-0.49503398120682884
rice,rice/test/bad/013_regular.png,-0.49529647700541085
rice,rice/test/bad/013_shift_1.png,-0.4920393205219284
rice,rice/test/bad/013_shift_2.png,-0.49642374485999136
rice,rice/test/bad/013_shift_3.png,-0.4946868358953856
rice,rice/test/bad/013_underexposed.png,-0.49261670830833504
rice,rice/test/bad/014_overexposed.png,-0.4994344449281598
rice,rice/test/bad/014_regular.png,-0.49924218403330917
rice,rice/test/bad/014_shift_1.png,-0.49703539500016364
rice,rice/test/bad/014_shift_2.png,-0.4972660484376453
rice,rice/test/bad/014_shift_3.png,-0.4950645584282456
rice,rice/test/bad/014_underexposed.png,-0.49517810180114985
sheet_metal,sheet_metal/test/good/000_overexposed.png,-0.4765471386714232
sheet_metal,sheet_metal/test/good/000_regular.png,-0.48160881575621495
sheet_metal,sheet_metal/test/good/000_shift_1.png,-0.45737676225268586
sheet_metal,sheet_metal/test/good/000_shift_2.png,-0.45445108264696266
sheet_metal,sheet_metal/test/good/000_shift_3.png,-0.46110891896327627
sheet_metal,sheet_metal/test/good/000_underexposed.png,-0.4856594977711514
sheet_metal,sheet_metal/test/good/001_overexposed.png,-0.4793910556590184
sheet_metal,sheet_metal/test/good/001_regular.png,-0.4815480778002929
sheet_metal,sheet_metal/test/good/001_shift_1.png,-0.4572412268099121
sheet_metal,sheet_metal/test/good/001_shift_2.png,-0.4550981170486819
sheet_metal,sheet_metal/test/good/001_shift_3.png,-0.46089841040436086
sheet_metal,sheet_metal/test/good/001_underexposed.png,-0.48542818309793595
sheet_metal,sheet_metal/test/good/002_overexposed.png,-0.471903390311691
sheet_metal,sheet_metal/test/good/002_regular.png,-0.47822499530434825
sheet_metal,sheet_metal/test/good/002_shift_1.png,-0.4597743835532438
sheet_metal,sheet_metal/test/good/002_shift_2.png,-0.4591479594085654
sheet_metal,sheet_metal/test/good/002_shift_3.png,-0.4668622729277096
sheet_metal,sheet_metal/test/good/002_underexposed.png,-0.4842407148939589
sheet_metal,sheet_metal/test/good/003_overexposed.png,-0.47143946080229626
sheet_metal,sheet_metal/test/good/003_regular.png,-0.47725891736467346
sheet_metal,sheet_metal/test/good/003_shift_1.png,-0.4448459009227595
sheet_metal,sheet_metal/test/good/003_shift_2.png,-0.4445795198511788
sheet_metal,sheet_metal/test/good/003_shift_3.png,-0.44915288268846915
sheet_metal,sheet_metal/test/good/003_underexposed.png,-0.4819938153464103
sheet_metal,sheet_metal/test/bad/000_overexposed.png,-0.46887547467066265
sheet_metal,sheet_metal/test/bad/000_regular.png,-0.4732480942389921
sheet_metal,sheet_metal/test/bad/000_shift_1.png,-0.44683610789045136
sheet_metal,sheet_metal/test/bad/000_shift_2.png,-0.4394923855742402
sheet_metal,sheet_metal/test/bad/000_shift_3.png,-0.4540556446439258
sheet_metal,sheet_metal/test/bad/000_underexposed.png,-0.4765803927211784
sheet_metal,sheet_metal/test/bad/001_overexposed.png,-0.4833806774300773
sheet_metal,sheet_metal/test/bad/001_regular.png,-0.4861734293528422
sheet_metal,sheet_metal/test/bad/001_shift_1.png,-0.46373909464810886
sheet_metal,sheet_metal/test/bad/001_shift_2.png,-0.46172715397028713
sheet_metal,sheet_metal/test/bad/001_shift_3.png,-0.4674284621378014
sheet_metal,sheet_metal/test/bad/001_underexposed.png,-0.48941273254804557
sheet_metal,sheet_metal/test/bad/002_overexposed.png,-0.4661586113073666
sheet_metal,sheet_metal/test/bad/002_regular.png,-0.46862368521389786
sheet_metal,sheet_metal/test/bad/002_shift_1.png,-0.4477768239093996
sheet_metal,sheet_metal/test/bad/002_shift_2.png,-0.44760289540857534
sheet_metal,sheet_metal/test/bad/002_shift_3.png,-0.45086445364594485
sheet_metal,sheet_metal/test/bad/002_underexposed.png,-0.4721349023128211
sheet_metal,sheet_metal/test/bad/003_overexposed.png,-0.4570300270284021
sheet_metal,sheet_metal/test/bad/003_regular.png,-0.45756159485301906
sheet_metal,sheet_metal/test/bad/003_shift_1.png,-0.43705128827981404
sheet_metal,sheet_metal/test/bad/003_shift_2.png,-0.4377788975630485
sheet_metal,sheet_metal/test/bad/003_shift_3.png,-0.44147437836719494
sheet_metal,sheet_metal/test/bad/003_underexposed.png,-0.46467398620222017
sheet_metal,sheet_metal/test/bad/004_overexposed.png,-0.4787119096785198
sheet_metal,sheet_metal/test/bad/004_regular.png,-0.47954891147399054
sheet_metal,sheet_metal/test/bad/004_shift_1.png,-0.44758769785130287
sheet_metal,sheet_metal/test/bad/004_shift_2.png,-0.4406955164341467
sheet_metal,sheet_metal/test/bad/004_shift_3.png,-0.4547548987469183
sheet_metal,sheet_metal/test/bad/004_underexposed.png,-0.4759203786285395
sheet_metal,sheet_metal/test/bad/005_overexposed.png,-0.47376623599313833
sheet_metal,sheet_metal/test/bad/005_regular.png,-0.47751022308454155
sheet_metal,sheet_metal/test/bad/005_shift_1.png,-0.4560801449424952
sheet_metal,sheet_metal/test/bad/005_shift_2.png,-0.4528685203087853
sheet_metal,sheet_metal/test/bad/005_shift_3.png,-0.45994234798630146
sheet_metal,sheet_metal/test/bad/005_underexposed.png,-0.4814666747044833
sheet_metal,sheet_metal/test/bad/006_overexposed.png,-0.479441670303779
sheet_metal,sheet_metal/test/bad/006_regular.png,-0.481382771782039
sheet_metal,sheet_metal/test/bad/006_shift_1.png,-0.463532735580022
sheet_metal,sheet_metal/test/bad/006_shift_2.png,-0.4621950820902916
sheet_metal,sheet_metal/test/bad/006_shift_3.png,-0.4687217721334233
sheet_metal,sheet_metal/test/bad/006_underexposed.png,-0.48492959845331146
sheet_metal,sheet_metal/test/bad/007_overexposed.png,-0.47217042667325637
sheet_metal,sheet_metal/test/bad/007_regular.png,-0.4739819936738429
sheet_metal,sheet_metal/test/bad/007_shift_1.png,-0.4485902611153121
sheet_metal,sheet_metal/test/bad/007_shift_2.png,-0.45126949407548067
sheet_metal,sheet_metal/test/bad/007_shift_3.png,-0.4513250098869121
sheet_metal,sheet_metal/test/bad/007_underexposed.png,-0.473741103991041
sheet_metal,sheet_metal/test/bad/008_overexposed.png,-0.47772322691443725
sheet_metal,sheet_metal/test/bad/008_regular.png,-0.4824063264267058
sheet_metal,sheet_metal/test/bad/008_shift_1.png,-0.45587794625941036
sheet_metal,sheet_metal/test/bad/008_shift_2.png,-0.4532783418149514
sheet_metal,sheet_metal/test/bad/008_shift_3.png,-0.4594770364492176
sheet_metal,sheet_metal/test/bad/008_underexposed.png,-0.48904777577751246
sheet_metal,sheet_metal/test/bad/009_overexposed.png,-0.46238896468441304
sheet_metal,sheet_metal/test/bad/009_regular.png,-0.4635626742510863
sheet_metal,sheet_metal/test/bad/009_shift_1.png,-0.4483018314605702
sheet_metal,sheet_metal/test/bad/009_shift_2.png,-0.4479078168044022
sheet_metal,sheet_metal/test/bad/009_shift_3.png,-0.4495529660682454
sheet_metal,sheet_metal/test/bad/009_underexposed.png,-0.46777421965221516
sheet_metal,sheet_metal/test/bad/010_overexposed.png,-0.47253236772929885
sheet_metal,sheet_metal/test/bad/010_regular.png,-0.4770988575217249
sheet_metal,sheet_metal/test/bad/010_shift_1.png,-0.4531011136177072
sheet_metal,sheet_metal/test/bad/010_shift_2.png,-0.4521928292981808
sheet_metal,sheet_metal/test/bad/010_shift_3.png,-0.45669395431821985
sheet_metal,sheet_metal/test/bad/010_underexposed.png,-0.48579882123363716
sheet_metal,sheet_metal/test/bad/011_overexposed.png,-0.4688684785090112
sheet_metal,sheet_metal/test/bad/011_regular.png,-0.47248013345559353
sheet_metal,sheet_metal/test/bad/011_shift_1.png,-0.4510616302914872
sheet_metal,sheet_metal/test/bad/011_shift_2.png,-0.44887975392107604
sheet_metal,sheet_metal/test/bad/011_shift_3.png,-0.4541519263829733
sheet_metal,sheet_metal/test/bad/011_underexposed.png,-0.47681365197190584
sheet_metal,sheet_metal/test/bad/012_overexposed.png,-0.4619688741580409
sheet_metal,sheet_metal/test/bad/012_regular.png,-0.4662219650086236
sheet_metal,sheet_metal/test/bad/012_shift_1.png,-0.44208245107275873
sheet_metal,sheet_metal/test/bad/012_shift_2.png,-0.4393510871542121
sheet_metal,sheet_metal/test/bad/012_shift_3.png,-0.4445484943204129
sheet_metal,sheet_metal/test/bad/012_underexposed.png,-0.4715419725400211
sheet_metal,sheet_metal/test/bad/013_overexposed.png,-0.46011658271015465
sheet_metal,sheet_metal/test/bad/013_regular.png,-0.46375080787218964
sheet_metal,sheet_metal/test/bad/013_shift_1.png,-0.4223914031001868
sheet_metal,sheet_metal/test/bad/013_shift_2.png,-0.42834005106897727
sheet_metal,sheet_metal/test/bad/013_shift_3.png,-0.42432962921012773
sheet_metal,sheet_metal/test/bad/013_underexposed.png,-0.46353439485222986
sheet_metal,sheet_metal/test/bad/014_overexposed.png,-0.47121508630467696
sheet_metal,sheet_metal/test/bad/014_regular.png,-0.474971240922634
sheet_metal,sheet_metal/test/bad/014_shift_1.png,-0.44563229925957987
sheet_metal,sheet_metal/test/bad/014_shift_2.png,-0.4432816888631247
sheet_metal,sheet_metal/test/bad/014_shift_3.png,-0.45162943175164644
sheet_metal,sheet_metal/test/bad/014_underexposed.png,-0.4777374104912327
vial,vial/test/good/000_overexposed.png,-0.18664658118840827
vial,vial/test/good/000_regular.png,-0.1811557234782719
vial,vial/test/good/000_shift_1.png,-0.17263063926905434
vial,vial/test/good/000_shift_2.png,-0.18342314387370137
vial,vial/test/good/000_shift_3.png,-0.1751830749815599
vial,vial/test/good/000_shift_4.png,-0.17369990926913
vial,vial/test/good/000_underexposed.png,-0.13687081645754734
vial,vial/test/good/001_overexposed.png,-0.18515850648829527
vial,vial/test/good/001_regular.png,-0.1749559045156549
vial,vial/test/good/001_shift_1.png,-0.17294012576347154
vial,vial/test/good/001_shift_2.png,-0.17706436513904206
vial,vial/test/good/001_shift_3.png,-0.17732327093792188
vial,vial/test/good/001_shift_4.png,-0.17758381918675795
vial,vial/test/good/001_underexposed.png,-0.13951474351317616
vial,vial/test/good/002_overexposed.png,-0.1979483501077093
vial,vial/test/good/002_regular.png,-0.17184947742957662
vial,vial/test/good/002_shift_1.png,-0.17632948266380924
vial,vial/test/good/002_shift_2.png,-0.16859570705038568
vial,vial/test/good/002_shift_3.png,-0.16931845990947486
vial,vial/test/good/002_shift_4.png,-0.1728069883209066
vial,vial/test/good/002_underexposed.png,-0.12361382366679605
vial,vial/test/good/003_overexposed.png,-0.17975426529926558
vial,vial/test/good/003_regular.png,-0.17521993403570812
vial,vial/test/good/003_shift_1.png,-0.1759357425481905
vial,vial/test/good/003_shift_2.png,-0.17156585699630486
vial,vial/test/good/003_shift_3.png,-0.17502285472480572
vial,vial/test/good/003_shift_4.png,-0.17670283139811718
vial,vial/test/good/003_underexposed.png,-0.14560978652924061
vial,vial/test/good/004_overexposed.png,-0.18692601926801738
vial,vial/test/good/004_regular.png,-0.17336934153164266
vial,vial/test/good/004_shift_1.png,-0.1762251928401077
vial,vial/test/good/004_shift_2.png,-0.17364225326865246
vial,vial/test/good/004_shift_3.png,-0.17984018998726772
vial,vial/test/good/004_shift_4.png,-0.18003352732709407
vial,vial/test/good/004_underexposed.png,-0.13701447828717
vial,vial/test/bad/000_overexposed.png,-0.1871628456691933
vial,vial/test/bad/000_regular.png,-0.17569424926371927
vial,vial/test/bad/000_shift_1.png,-0.17758052947478206
vial,vial/test/bad/000_shift_2.png,-0.1685811621326231
vial,vial/test/bad/000_shift_3.png,-0.17257460979256714
vial,vial/test/bad/000_shift_4.png,-0.17816958889402154
vial,vial/test/bad/000_underexposed.png,-0.15140392430444174
vial,vial/test/bad/001_overexposed.png,-0.18932224749217105
vial,vial/test/bad/001_regular.png,-0.17736882150471853
vial,vial/test/bad/001_shift_1.png,-0.1776382114847294
vial,vial/test/bad/001_shift_2.png,-0.17530643752491407
vial,vial/test/bad/001_shift_3.png,-0.1653424002048675
vial,vial/test/bad/001_shift_4.png,-0.17415340299285606
vial,vial/test/bad/001_underexposed.png,-0.14325482435679063
vial,vial/test/bad/002_overexposed.png,-0.1914246118954415
vial,vial/test/bad/002_regular.png,-0.18266744722227857
vial,vial/test/bad/002_shift_1.png,-0.1773586307275252
vial,vial/test/bad/002_shift_2.png,-0.17757241141824825
vial,vial/test/bad/002_shift_3.png,-0.18256287874538893
vial,vial/test/bad/002_shift_4.png,-0.17898931043826097
vial,vial/test/bad/002_underexposed.png,-0.13975161053182944
vial,vial/test/bad/003_overexposed.png,-0.19094295822794582
vial,vial/test/bad/003_regular.png,-0.17882105279700425
vial,vial/test/bad/003_shift_1.png,-0.17862249725304544
vial,vial/test/bad/003_shift_2.png,-0.1773682661173694
vial,vial/test/bad/003_shift_3.png,-0.17932125318109135
vial,vial/test/bad/003_shift_4.png,-0.1793740756430869
vial,vial/test/bad/003_underexposed.png,-0.14172943284486278
vial,vial/test/bad/004_overexposed.png,-0.19414747423472045
vial,vial/test/bad/004_regular.png,-0.17569759597520804
vial,vial/test/bad/004_shift_1.png,-0.17904545335324862
vial,vial/test/bad/004_shift_2.png,-0.17858923253429224
vial,vial/test/bad/004_shift_3.png,-0.17905778280314905
vial,vial/test/bad/004_shift_4.png,-0.16933959994526274
vial,vial/test/bad/004_underexposed.png,-0.13068724629049494
vial,vial/test/bad/005_overexposed.png,-0.18604255835715794
vial,vial/test/bad/005_regular.png,-0.1776229375970195
vial,vial/test/bad/005_shift_1.png,-0.17569652005358627
vial,vial/test/bad/005_shift_2.png,-0.17311993144707225
vial,vial/test/bad/005_shift_3.png,-0.17649335000121227
vial,vial/test/bad/005_shift_4.png,-0.17869711969864366
vial,vial/test/bad/005_underexposed.png,-0.1422607878788673
vial,vial/test/bad/006_overexposed.png,-0.18893373818711748
vial,vial/test/bad/006_regular.png,-0.17108944407665083
vial,vial/test/bad/006_shift_1.png,-0.17747690524327578
vial,vial/test/bad/006_shift_2.png,-0.17254034356100945
vial,vial/test/bad/006_shift_3.png,-0.17110053152060536
vial,vial/test/bad/006_shift_4.png,-0.17086075969822986
vial,vial/test/bad/006_underexposed.png,-0.14301673646690283
vial,vial/test/bad/007_overexposed.png,-0.1907518793504596
vial,vial/test/bad/007_regular.png,-0.1740973351213894
vial,vial/test/bad/007_shift_1.png,-0.17314453648258127
vial,vial/test/bad/007_shift_2.png,-0.17147009636982702
vial,vial/test/bad/007_shift_3.png,-0.17616798482935775
vial,vial/test/bad/007_shift_4.png,-0.17794625095771474
vial,vial/test/bad/007_underexposed.png,-0.13315965698977783
vial,vial/test/bad/008_overexposed.png,-0.18786138819815315
vial,vial/test/bad/008_regular.png,-0.17476134816292263
vial,vial/test/bad/008_shift_1.png,-0.18067657216417127
vial,vial/test/bad/008_shift_2.png,-0.17455310369346705
vial,vial/test/bad/008_shift_3.png,-0.17402730586734086
vial,vial/test/bad/008_shift_4.png,-0.17098886156845655
vial,vial/test/bad/008_underexposed.png,-0.13027865589962295
vial,vial/test/bad/009_overexposed.png,-0.18001663872805135
vial,vial/test/bad/009_regular.png,-0.17132461533772242
vial,vial/test/bad/009_shift_1.png,-0.1785490353078983
vial,vial/test/bad/009_shift_2.png,-0.1717729231616048
vial,vial/test/bad/009_shift_3.png,-0.1762901814702605
vial,vial/test/bad/009_shift_4.png,-0.1771257677708901
vial,vial/test/bad/009_underexposed.png,-0.12731629356438084
vial,vial/test/bad/010_overexposed.png,-0.18889018747785521
vial,vial/test/bad/010_regular.png,-0.17887923553655763
vial,vial/test/bad/010_shift_1.png,-0.17765715718356662
vial,vial/test/bad/010_shift_2.png,-0.17707396320746938
vial,vial/test/bad/010_shift_3.png,-0.17399628140147674
vial,vial/test/bad/010_shift_4.png,-0.17972744173942146
vial,vial/test/bad/010_underexposed.png,-0.13412077978242806
vial,vial/test/bad/011_overexposed.png,-0.18575264765498245
vial,vial/test/bad/011_regular.png,-0.17782110921047953
vial,vial/test/bad/011_shift_1.png,-0.17846233418567636
vial,vial/test/bad/011_shift_2.png,-0.17721990804045834
vial,vial/test/bad/011_shift_3.png,-0.1785714214493914
vial,vial/test/bad/011_shift_4.png,-0.17445359694120383
vial,vial/test/bad/011_underexposed.png,-0.13647153468339687
vial,vial/test/bad/012_overexposed.png,-0.18835284114546305
vial,vial/test/bad/012_regular.png,-0.17674387757655044
vial,vial/test/bad/012_shift_1.png,-0.1755868064399995
vial,vial/test/bad/012_shift_2.png,-0.1756991455641998
vial,vial/test/bad/012_shift_3.png,-0.16695697983122773
vial,vial/test/bad/012_shift_4.png,-0.17733471915944102
vial,vial/test/bad/012_underexposed.png,-0.13955397590709331
vial,vial/test/bad/013_overexposed.png,-0.1836606576488694
vial,vial/test/bad/013_regular.png,-0.17479225645546628
vial,vial/test/bad/013_shift_1.png,-0.17783650059094622
vial,vial/test/bad/013_shift_2.png,-0.1741827868672367
vial,vial/test/bad/013_shift_3.png,-0.17962130294827686
vial,vial/test/bad/013_shift_4.png,-0.17679520425295625
vial,vial/test/bad/013_underexposed.png,-0.13878205456563847
vial,vial/test/bad/014_overexposed.png,-0.18801022679437762
vial,vial/test/bad/014_regular.png,-0.17769342814163783
vial,vial/test/bad/014_shift_1.png,-0.17369408794130578
vial,vial/test/bad/014_shift_2.png,-0.1804542574822396
vial,vial/test/bad/014_shift_3.png,-0.17555934889972308
vial,vial/test/bad/014_shift_4.png,-0.17289779726926033
vial,vial/test/bad/014_underexposed.png,-0.14176151150960056
wallplugs,wallplugs/test/good/000_overexposed.png,-0.3661377351821082
wallplugs,wallplugs/test/good/000_regular.png,-0.3668396795199232
wallplugs,wallplugs/test/good/000_shift_1.png,-0.33491140608872105
wallplugs,wallplugs/test/good/000_shift_2.png,-0.33363630251678583
wallplugs,wallplugs/test/good/000_shift_3.png,-0.30772799361382774
wallplugs,wallplugs/test/good/000_underexposed.png,-0.3616166548985003
wallplugs,wallplugs/test/good/001_overexposed.png,-0.38593862041771193
wallplugs,wallplugs/test/good/001_regular.png,-0.38453725658454874
wallplugs,wallplugs/test/good/001_shift_1.png,-0.3726745548479752
wallplugs,wallplugs/test/good/001_shift_2.png,-0.367803921289082
wallplugs,wallplugs/test/good/001_shift_3.png,-0.3571127809862723
wallplugs,wallplugs/test/good/001_underexposed.png,-0.3834463485374927
wallplugs,wallplugs/test/good/002_overexposed.png,-0.3531439914073751
wallplugs,wallplugs/test/good/002_regular.png,-0.35077300927963034
wallplugs,wallplugs/test/good/002_shift_1.png,-0.33454181295950985
wallplugs,wallplugs/test/good/002_shift_2.png,-0.3309352927568618
wallplugs,wallplugs/test/good/002_shift_3.png,-0.30308701097012924
wallplugs,wallplugs/test/good/002_underexposed.png,-0.3467020609099203
wallplugs,wallplugs/test/good/003_overexposed.png,-0.4044711054269578
wallplugs,wallplugs/test/good/003_regular.png,-0.4014875552987428
wallplugs,wallplugs/test/good/003_shift_1.png,-0.3715401314031812
wallplugs,wallplugs/test/good/003_shift_2.png,-0.37507598795412894
wallplugs,wallplugs/test/good/003_shift_3.png,-0.35875255883946083
wallplugs,wallplugs/test/good/003_underexposed.png,-0.3975373470399617
wallplugs,wallplugs/test/good/004_overexposed.png,-0.3561429236918762
wallplugs,wallplugs/test/good/004_regular.png,-0.35393976523396664
wallplugs,wallplugs/test/good/004_shift_1.png,-0.33657307139225406
wallplugs,wallplugs/test/good/004_shift_2.png,-0.33125669159359056
wallplugs,wallplugs/test/good/004_shift_3.png,-0.31512589687270554
wallplugs,wallplugs/test/good/004_underexposed.png,-0.35001791158360823
wallplugs,wallplugs/test/good/005_overexposed.png,-0.3815251011671366
wallplugs,wallplugs/test/good/005_regular.png,-0.3779429559544516
wallplugs,wallplugs/test/good/005_shift_1.png,-0.37786464475609643
wallplugs,wallplugs/test/good/005_shift_2.png,-0.36349727456093106
wallplugs,wallplugs/test/good/005_shift_3.png,-0.3698942761504337
wallplugs,wallplugs/test/good/005_underexposed.png,-0.3728571128422061
wallplugs,wallplugs/test/good/006_overexposed.png,-0.37904401404769983
wallplugs,wallplugs/test/good/006_regular.png,-0.3777577864760704
wallplugs,wallplugs/test/good/006_shift_1.png,-0.3756353458532937
wallplugs,wallplugs/test/good/006_shift_2.png,-0.3541724184100822
wallplugs,wallplugs/test/good/006_shift_3.png,-0.3627125185494722
wallplugs,wallplugs/test/good/006_underexposed.png,-0.3752393874296237
wallplugs,wallplugs/test/good/007_overexposed.png,-0.3547232662579942
wallplugs,wallplugs/test/good/007_regular.png,-0.3581339331558955
wallplugs,wallplugs/test/good/007_shift_1.png,-0.33159532566559136
wallplugs,wallplugs/test/good/007_shift_2.png,-0.34992669129890974
wallplugs,wallplugs/test/good/007_shift_3.png,-0.3023525250332164
wallplugs,wallplugs/test/good/007_underexposed.png,-0.35905976027980985
wallplugs,wallplugs/test/good/008_overexposed.png,-0.3996257935206912
wallplugs,wallplugs/test/good/008_regular.png,-0.396002905952904
wallplugs,wallplugs/test/good/008_shift_1.png,-0.3946518138691579
wallplugs,wallplugs/test/good/008_shift_2.png,-0.37776141789649603
wallplugs,wallplugs/test/good/008_shift_3.png,-0.38201911968483715
wallplugs,wallplugs/test/good/008_underexposed.png,-0.3910727308709076
wallplugs,wallplugs/test/good/009_overexposed.png,-0.36496254135391804
wallplugs,wallplugs/test/good/009_regular.png,-0.36413770456066497
wallplugs,wallplugs/test/good/009_shift_1.png,-0.35585910799989096
wallplugs,wallplugs/test/good/009_shift_2.png,-0.3406007007116513
wallplugs,wallplugs/test/good/009_shift_3.png,-0.3426247995122697
wallplugs,wallplugs/test/good/009_underexposed.png,-0.36051899824557354
wallplugs,wallplugs/test/bad/000_overexposed.png,-0.36611860504218324
wallplugs,wallplugs/test/bad/000_regular.png,-0.36622059221106457
wallplugs,wallplugs/test/bad/000_shift_1.png,-0.3403272069077962
wallplugs,wallplugs/test/bad/000_shift_2.png,-0.3403304035612992
wallplugs,wallplugs/test/bad/000_shift_3.png,-0.31921249323361817
wallplugs,wallplugs/test/bad/000_underexposed.png,-0.3638453074990318
wallplugs,wallplugs/test/bad/001_overexposed.png,-0.4082163587040544
wallplugs,wallplugs/test/bad/001_regular.png,-0.40613593303695944
wallplugs,wallplugs/test/bad/001_shift_1.png,-0.3780040762717117
wallplugs,wallplugs/test/bad/001_shift_2.png,-0.3694857724443296
wallplugs,wallplugs/test/bad/001_shift_3.png,-0.3700567700041079
wallplugs,wallplugs/test/bad/001_underexposed.png,-0.4054396519277668
wallplugs,wallplugs/test/bad/002_overexposed.png,-0.39208349284526245
wallplugs,wallplugs/test/bad/002_regular.png,-0.3907943623205168
wallplugs,wallplugs/test/bad/002_shift_1.png,-0.3834233309977347
wallplugs,wallplugs/test/bad/002_shift_2.png,-0.3689760008318494
wallplugs,wallplugs/test/bad/002_shift_3.png,-0.3780939853434283
wallplugs,wallplugs/test/bad/002_underexposed.png,-0.3870710827013451
wallplugs,wallplugs/test/bad/003_overexposed.png,-0.39501545714928854
wallplugs,wallplugs/test/bad/003_regular.png,-0.39337113111385313
wallplugs,wallplugs/test/bad/003_shift_1.png,-0.36164253163450116
wallplugs,wallplugs/test/bad/003_shift_2.png,-0.3640511056725383
wallplugs,wallplugs/test/bad/003_shift_3.png,-0.34017193533049334
wallplugs,wallplugs/test/bad/003_underexposed.png,-0.3894296176531145
wallplugs,wallplugs/test/bad/004_overexposed.png,-0.36070784989909255
wallplugs,wallplugs/test/bad/004_regular.png,-0.35801130456329894
wallplugs,wallplugs/test/bad/004_shift_1.png,-0.33669294316722065
wallplugs,wallplugs/test/bad/004_shift_2.png,-0.33350255708130566
wallplugs,wallplugs/test/bad/004_shift_3.png,-0.3226123823486174
wallplugs,wallplugs/test/bad/004_underexposed.png,-0.3516563147105812
wallplugs,wallplugs/test/bad/005_overexposed.png,-0.3740932120396628
wallplugs,wallplugs/test/bad/005_regular.png,-0.37439512307277195
wallplugs,wallplugs/test/bad/005_shift_1.png,-0.3645632635825597
wallplugs,wallplugs/test/bad/005_shift_2.png,-0.34750946345156125
wallplugs,wallplugs/test/bad/005_shift_3.png,-0.3506458844398147
wallplugs,wallplugs/test/bad/005_underexposed.png,-0.3723281441136763
wallplugs,wallplugs/test/bad/006_overexposed.png,-0.35669234581561116
wallplugs,wallplugs/test/bad/006_regular.png,-0.3604519517034989
wallplugs,wallplugs/test/bad/006_shift_1.png,-0.3514452955573051
wallplugs,wallplugs/test/bad/006_shift_2.png,-0.35887352633715597
wallplugs,wallplugs/test/bad/006_shift_3.png,-0.3180897980075172
wallplugs,wallplugs/test/bad/006_underexposed.png,-0.362754011051446
wallplugs,wallplugs/test/bad/007_overexposed.png,-0.3804799687878572
wallplugs,wallplugs/test/bad/007_regular.png,-0.37951611056780576
wallplugs,wallplugs/test/bad/007_shift_1.png,-0.3772084341463125
wallplugs,wallplugs/test/bad/007_shift_2.png,-0.3795850615243767
wallplugs,wallplugs/test/bad/007_shift_3.png,-0.37660470349237346
wallplugs,wallplugs/test/bad/007_underexposed.png,-0.3762515983034415
wallplugs,wallplugs/test/bad/008_overexposed.png,-0.3816857614684425
wallplugs,wallplugs/test/bad/008_regular.png,-0.38309301513384325
wallplugs,wallplugs/test/bad/008_shift_1.png,-0.3692951010941581
wallplugs,wallplugs/test/bad/008_shift_2.png,-0.365503837898753
wallplugs,wallplugs/test/bad/008_shift_3.png,-0.3592697667616205
wallplugs,wallplugs/test/bad/008_underexposed.png,-0.3828227518238684
wallplugs,wallplugs/test/bad/009_overexposed.png,-0.3941393993697388
wallplugs,wallplugs/test/bad/009_regular.png,-0.3936870165016166
wallplugs,wallplugs/test/bad/009_shift_1.png,-0.35953020703207383
wallplugs,wallplugs/test/bad/009_shift_2.png,-0.3594053485076025
wallplugs,wallplugs/test/bad/009_shift_3.png,-0.3510251295619411
wallplugs,wallplugs/test/bad/009_underexposed.png,-0.3918461163920627
wallplugs,wallplugs/test/bad/010_overexposed.png,-0.37521651047635385
wallplugs,wallplugs/test/bad/010_regular.png,-0.3742360374982315
wallplugs,wallplugs/test/bad/010_shift_1.png,-0.3598638485320376
wallplugs,wallplugs/test/bad/010_shift_2.png,-0.35421777074100325
wallplugs,wallplugs/test/bad/010_shift_3.png,-0.3485350915982654
wallplugs,wallplugs/test/bad/010_underexposed.png,-0.37386347419432614
wallplugs,wallplugs/test/bad/011_overexposed.png,-0.36863797357256206
wallplugs,wallplugs/test/bad/011_regular.png,-0.3690026266938663
wallplugs,wallplugs/test/bad/011_shift_1.png,-0.36580594142344774
wallplugs,wallplugs/test/bad/011_shift_2.png,-0.3498868925052417
wallplugs,wallplugs/test/bad/011_shift_3.png,-0.3626843535243378
wallplugs,wallplugs/test/bad/011_underexposed.png,-0.37254154953683555
wallplugs,wallplugs/test/bad/012_overexposed.png,-0.41268781979660685
wallplugs,wallplugs/test/bad/012_regular.png,-0.41049846704227116
wallplugs,wallplugs/test/bad/012_shift_1.png,-0.38924528091443
wallplugs,wallplugs/test/bad/012_shift_2.png,-0.37245087821631434
wallplugs,wallplugs/test/bad/012_shift_3.png,-0.3676734750730808
wallplugs,wallplugs/test/bad/012_underexposed.png,-0.40501435220103915
wallplugs,wallplugs/test/bad/013_overexposed.png,-0.366038739983304
wallplugs,wallplugs/test/bad/013_regular.png,-0.3643352961159102
wallplugs,wallplugs/test/bad/013_shift_1.png,-0.3626504472840216
wallplugs,wallplugs/test/bad/013_shift_2.png,-0.3590781494076379
wallplugs,wallplugs/test/bad/013_shift_3.png,-0.3376965698682401
wallplugs,wallplugs/test/bad/013_underexposed.png,-0.3601331638773783
wallplugs,wallplugs/test/bad/014_overexposed.png,-0.38980050042685915
wallplugs,wallplugs/test/bad/014_regular.png,-0.3872058796226337
wallplugs,wallplugs/test/bad/014_shift_1.png,-0.35945289171700856
wallplugs,wallplugs/test/bad/014_shift_2.png,-0.3541655796271459
wallplugs,wallplugs/test/bad/014_shift_3.png,-0.3353124298391145
wallplugs,wallplugs/test/bad/014_underexposed.png,-0.38465334107635957
walnuts,walnuts/test/good/000_overexposed.png,-0.3861132257315211
walnuts,walnuts/test/good/000_regular.png,-0.3929662734641546
walnuts,walnuts/test/good/000_shift_1.png,-0.4041337833325238
walnuts,walnuts/test/good/000_shift_2.png,-0.39731134180097755
walnuts,walnuts/test/good/000_shift_3.png,-0.4060146347247458
walnuts,walnuts/test/good/000_underexposed.png,-0.4006290678264439
walnuts,walnuts/test/good/001_overexposed.png,-0.3781884537910946
walnuts,walnuts/test/good/001_regular.png,-0.38188725906262566
walnuts,walnuts/test/good/001_shift_1.png,-0.39592880263106656
walnuts,walnuts/test/good/001_shift_2.png,-0.386530004375342
walnuts,walnuts/test/good/001_shift_3.png,-0.3936140660490292
walnuts,walnuts/test/good/001_underexposed.png,-0.3909277915652444
walnuts,walnuts/test/good/002_overexposed.png,-0.3919908052691507
walnuts,walnuts/test/good/002_regular.png,-0.39870962983824615
walnuts,walnuts/test/good/002_shift_1.png,-0.3985864904916936
walnuts,walnuts/test/good/002_shift_2.png,-0.3978828261912862
walnuts,walnuts/test/good/002_shift_3.png,-0.3993259485168919
walnuts,walnuts/test/good/002_underexposed.png,-0.4059742676820982
walnuts,walnuts/test/good/003_overexposed.png,-0.3871257464049647
walnuts,walnuts/test/good/003_regular.png,-0.3897204829850002
walnuts,walnuts/test/good/003_shift_1.png,-0.39631943764615785
walnuts,walnuts/test/good/003_shift_2.png,-0.39370576875516833
walnuts,walnuts/test/good/003_shift_3.png,-0.40017764448045734
walnuts,walnuts/test/good/003_underexposed.png,-0.3984935817293787
walnuts,walnuts/test/good/004_overexposed.png,-0.38713270989685766
walnuts,walnuts/test/good/004_regular.png,-0.3957764945006748
walnuts,walnuts/test/good/004_shift_1.png,-0.3946913704980736
walnuts,walnuts/test/good/004_shift_2.png,-0.3976848254659497
walnuts,walnuts/test/good/004_shift_3.png,-0.3948887785238449
walnuts,walnuts/test/good/004_underexposed.png,-0.40402081000837925
walnuts,walnuts/test/good/005_overexposed.png,-0.3919729259729178
walnuts,walnuts/test/good/005_regular.png,-0.3976386442205666
walnuts,walnuts/test/good/005_shift_1.png,-0.39587521379348495
walnuts,walnuts/test/good/005_shift_2.png,-0.3977012673933406
walnuts,walnuts/test/good/005_shift_3.png,-0.3977093652188275
walnuts,walnuts/test/good/005_underexposed.png,-0.41060023408851404
walnuts,walnuts/test/good/006_overexposed.png,-0.3937678723554917
walnuts,walnuts/test/good/006_regular.png,-0.3946543017351043
walnuts,walnuts/test/good/006_shift_1.png,-0.3978825306196222
walnuts,walnuts/test/good/006_shift_2.png,-0.39909635646905295
walnuts,walnuts/test/good/006_shift_3.png,-0.4041092971159545
walnuts,walnuts/test/good/006_underexposed.png,-0.4014898109222082
walnuts,walnuts/test/good/007_overexposed.png,-0.3928253321271362
walnuts,walnuts/test/good/007_regular.png,-0.3939280284910513
walnuts,walnuts/test/good/007_shift_1.png,-0.40178969281015353
walnuts,walnuts/test/good/007_shift_2.png,-0.3989248980306229
walnuts,walnuts/test/good/007_shift_3.png,-0.40109869838165485
walnuts,walnuts/test/good/007_underexposed.png,-0.40130868158541744
walnuts,walnuts/test/good/008_overexposed.png,-0.38470423243548196
walnuts,walnuts/test/good/008_regular.png,-0.387995187082596
walnuts,walnuts/test/good/008_shift_1.png,-0.3949366728118829
walnuts,walnuts/test/good/008_shift_2.png,-0.3920495507251559
walnuts,walnuts/test/good/008_shift_3.png,-0.39634778840008167
walnuts,walnuts/test/good/008_underexposed.png,-0.399367452674652
walnuts,walnuts/test/good/009_overexposed.png,-0.390292740862326
walnuts,walnuts/test/good/009_regular.png,-0.3946420422791069
walnuts,walnuts/test/good/009_shift_1.png,-0.3974004765874851
walnuts,walnuts/test/good/009_shift_2.png,-0.39513170619292526
walnuts,walnuts/test/good/009_shift_3.png,-0.39975245540029797
walnuts,walnuts/test/good/009_underexposed.png,-0.4002358109558805
walnuts,walnuts/test/bad/000_overexposed.png,-0.40037128934861904
walnuts,walnuts/test/bad/000_regular.png,-0.40430862870216877
walnuts,walnuts/test/bad/000_shift_1.png,-0.4069461251739833
walnuts,walnuts/test/bad/000_shift_2.png,-0.40933072868688264
walnuts,walnuts/test/bad/000_shift_3.png,-0.41166697249055056
walnuts,walnuts/test/bad/000_underexposed.png,-0.41383430608344096
walnuts,walnuts/test/bad/001_overexposed.png,-0.3977872614890119
walnuts,walnuts/test/bad/001_regular.png,-0.40290554258345596
walnuts,walnuts/test/bad/001_shift_1.png,-0.4008815352588441
walnuts,walnuts/test/bad/001_shift_2.png,-0.40390763573694627
walnuts,walnuts/test/bad/001_shift_3.png,-0.40811613662397767
walnuts,walnuts/test/bad/001_underexposed.png,-0.4091108143067744
walnuts,walnuts/test/bad/002_overexposed.png,-0.41265337374559075
walnuts,walnuts/test/bad/002_regular.png,-0.4172286076915351
walnuts,walnuts/test/bad/002_shift_1.png,-0.4124821689219979
walnuts,walnuts/test/bad/002_shift_2.png,-0.41774750649294334
walnuts,walnuts/test/bad/002_shift_3.png,-0.4098187261997251
walnuts,walnuts/test/bad/002_underexposed.png,-0.42243364484808044
walnuts,walnuts/test/bad/003_overexposed.png,-0.37935341701359165
walnuts,walnuts/test/bad/003_regular.png,-0.3829024961937402
walnuts,walnuts/test/bad/003_shift_1.png,-0.38325613038021616
walnuts,walnuts/test/bad/003_shift_2.png,-0.38348000991834336
walnuts,walnuts/test/bad/003_shift_3.png,-0.3824517658275082
walnuts,walnuts/test/bad/003_underexposed.png,-0.3883352212208777
walnuts,walnuts/test/bad/004_overexposed.png,-0.3648020661799955
walnuts,walnuts/test/bad/004_regular.png,-0.37040416450288044
walnuts,walnuts/test/bad/004_shift_1.png,-0.3820863505691579
walnuts,walnuts/test/bad/004_shift_2.png,-0.37100179149206547
walnuts,walnuts/test/bad/004_shift_3.png,-0.3808562109718279
walnuts,walnuts/test/bad/004_underexposed.png,-0.3770859705284987
walnuts,walnuts/test/bad/005_overexposed.png,-0.38899110851143054
walnuts,walnuts/test/bad/005_regular.png,-0.3923526744831156
walnuts,walnuts/test/bad/005_shift_1.png,-0.40531661455942103
walnuts,walnuts/test/bad/005_shift_2.png,-0.39845571612515446
walnuts,walnuts/test/bad/005_shift_3.png,-0.4074192996315927
walnuts,walnuts/test/bad/005_underexposed.png,-0.4009094430325519
walnuts,walnuts/test/bad/006_overexposed.png,-0.3837984476873672
walnuts,walnuts/test/bad/006_regular.png,-0.3881115285135979
walnuts,walnuts/test/bad/006_shift_1.png,-0.3939150091666003
walnuts,walnuts/test/bad/006_shift_2.png,-0.389357503753992
walnuts,walnuts/test/bad/006_shift_3.png,-0.3941257303024355
walnuts,walnuts/test/bad/006_underexposed.png,-0.3965692011834277
walnuts,walnuts/test/bad/007_overexposed.png,-0.36883841559411684
walnuts,walnuts/test/bad/007_regular.png,-0.3736227018889437
walnuts,walnuts/test/bad/007_shift_1.png,-0.381550752843871
walnuts,walnuts/test/bad/007_shift_2.png,-0.3786735574704736
walnuts,walnuts/test/bad/007_shift_3.png,-0.38606819720643265
walnuts,walnuts/test/bad/007_underexposed.png,-0.3811387212970058
walnuts,walnuts/test/bad/008_overexposed.png,-0.37495776969822997
walnuts,walnuts/test/bad/008_regular.png,-0.3814104948037411
walnuts,walnuts/test/bad/008_shift_1.png,-0.38249781971212543
walnuts,walnuts/test/bad/008_shift_2.png,-0.3774865712214657
walnuts,walnuts/test/bad/008_shift_3.png,-0.3811516157707141
walnuts,walnuts/test/bad/008_underexposed.png,-0.38723830327635644
walnuts,walnuts/test/bad/009_overexposed.png,-0.40112338422584204
walnuts,walnuts/test/bad/009_regular.png,-0.407878332705715
walnuts,walnuts/test/bad/009_shift_1.png,-0.40556676933114166
walnuts,walnuts/test/bad/009_shift_2.png,-0.4036286718272732
walnuts,walnuts/test/bad/009_shift_3.png,-0.407780243148921
walnuts,walnuts/test/bad/009_underexposed.png,-0.41263525565858133
walnuts,walnuts/test/bad/010_overexposed.png,-0.3764041844176152
walnuts,walnuts/test/bad/010_regular.png,-0.38164078889860303
walnuts,walnuts/test/bad/010_shift_1.png,-0.3916104822580662
walnuts,walnuts/test/bad/010_shift_2.png,-0.3831776640097083
walnuts,walnuts/test/bad/010_shift_3.png,-0.3897695250958637
walnuts,walnuts/test/bad/010_underexposed.png,-0.38633662630951776
walnuts,walnuts/test/bad/011_overexposed.png,-0.3807972222551997
walnuts,walnuts/test/bad/011_regular.png,-0.38541365821278717
walnuts,walnuts/test/bad/011_shift_1.png,-0.3880574947951963
walnuts,walnuts/test/bad/011_shift_2.png,-0.39067960168904753
walnuts,walnuts/test/bad/011_shift_3.png,-0.3913491324637803
walnuts,walnuts/test/bad/011_underexposed.png,-0.391772527966033
walnuts,walnuts/test/bad/012_overexposed.png,-0.3709982492733723
walnuts,walnuts/test/bad/012_regular.png,-0.37435962970484177
walnuts,walnuts/test/bad/012_shift_1.png,-0.3770428855426091
walnuts,walnuts/test/bad/012_shift_2.png,-0.37818193438403364
walnuts,walnuts/test/bad/012_shift_3.png,-0.376801618556153
walnuts,walnuts/test/bad/012_underexposed.png,-0.3818910800121332
walnuts,walnuts/test/bad/013_overexposed.png,-0.359679417663749
walnuts,walnuts/test/bad/013_regular.png,-0.3613627865238704
walnuts,walnuts/test/bad/013_shift_1.png,-0.3734085657166856
walnuts,walnuts/test/bad/013_shift_2.png,-0.3663527085702166
walnuts,walnuts/test/bad/013_shift_3.png,-0.3751641964843284
walnuts,walnuts/test/bad/013_underexposed.png,-0.3706108477079181
walnuts,walnuts/test/bad/014_overexposed.png,-0.3775442140785385
walnuts,walnuts/test/bad/014_regular.png,-0.3817956219637536
walnuts,walnuts/test/bad/014_shift_1.png,-0.38039313007520614
walnuts,walnuts/test/bad/014_shift_2.png,-0.3868352232457357
walnuts,walnuts/test/bad/014_shift_3.png,-0.3848356240756388
walnuts,walnuts/test/bad/014_underexposed.png,-0.39134071588098734
